{
  "registrationDetails": [
    {
      "id": 1,
      "name": "Kruttika Sawant",
      "Email": "kruttikasawant@gmail.com",
      "gender": "female",
      "phone_number": 9594689538,
      "password": "jaiehdbkiecj",
      "confirm_password": "jahdbeuybxwu"
    },
    {
      "name": "Akshay",
      "email": "ak@gmail.com",
      "gender": "male",
      "phone_number": "8289869221",
      "password": "coenksa",
      "confirm_password": "xwuxb",
      "id": 2
    }
  ],

  "profileDetails": {
    "id": 1,
    "name": "Kruttika Sawant",
    "email": "kruttikasawant@gmail.com",
    "info": "I am a full stack developer",
    "dateofbirth": "15th December 1990",
    "profile_pic": "'https://tse2.mm.bing.net/th?id=OIP.6VrI1fe7BXBT_dNPg3BBXQHaEo&pid=Api&P=0&w=255&h=160'",
    "phone_number": "9595879126",
    "designation": "Full Stack Developer",
    "cover_photo":"'https://tse2.mm.bing.net/th?id=OIP.6VrI1fe7BXBT_dNPg3BBXQHaEo&pid=Api&P=0&w=255&h=160'"
  }
}